https://services.swpc.noaa.gov//images/animations/enlil/enlil_com2_50931_20230406T160000.jpg,
https://services.swpc.noaa.gov//images/animations/enlil/enlil_com2_50931_20230406T170000.jpg,
https://services.swpc.noaa.gov//images/animations/enlil/enlil_com2_50931_20230406T180000.jpg,
https://services.swpc.noaa.gov//images/animations/enlil/enlil_com2_50931_20230406T190000.jpg,
https://services.swpc.noaa.gov//images/animations/enlil/enlil_com2_50931_20230406T200000.jpg,
https://services.swpc.noaa.gov//images/animations/enlil/enlil_com2_50931_20230406T210000.jpg,
https://services.swpc.noaa.gov//images/animations/enlil/enlil_com2_50931_20230406T220000.jpg,
https://services.swpc.noaa.gov//images/animations/enlil/enlil_com2_50931_20230406T230000.jpg,
https://services.swpc.noaa.gov//images/animations/enlil/enlil_com2_50931_20230407T000000.jpg,
https://services.swpc.noaa.gov//images/animations/enlil/enlil_com2_50931_20230407T010000.jpg,
https://services.swpc.noaa.gov//images/animations/enlil/enlil_com2_50931_20230407T020000.jpg,
https://services.swpc.noaa.gov//images/animations/enlil/enlil_com2_50931_20230407T030000.jpg,
https://services.swpc.noaa.gov//images/animations/enlil/enlil_com2_50931_20230407T040000.jpg,
https://services.swpc.noaa.gov//images/animations/enlil/enlil_com2_50931_20230407T050000.jpg,
https://services.swpc.noaa.gov//images/animations/enlil/enlil_com2_50931_20230407T060000.jpg,
https://services.swpc.noaa.gov//images/animations/enlil/enlil_com2_50931_20230407T070000.jpg,
https://services.swpc.noaa.gov//images/animations/enlil/enlil_com2_50931_20230407T080000.jpg,
https://services.swpc.noaa.gov//images/animations/enlil/enlil_com2_50931_20230407T090000.jpg,
https://services.swpc.noaa.gov//images/animations/enlil/enlil_com2_50931_20230407T100000.jpg,
https://services.swpc.noaa.gov//images/animations/enlil/enlil_com2_50931_20230407T110000.jpg,
https://services.swpc.noaa.gov//images/animations/enlil/enlil_com2_50931_20230407T120000.jpg,
https://services.swpc.noaa.gov//images/animations/enlil/enlil_com2_50931_20230407T130000.jpg,
https://services.swpc.noaa.gov//images/animations/enlil/enlil_com2_50931_20230407T140000.jpg,
https://services.swpc.noaa.gov//images/animations/enlil/enlil_com2_50931_20230407T150000.jpg,
https://services.swpc.noaa.gov//images/animations/enlil/enlil_com2_50931_20230407T160000.jpg,
https://services.swpc.noaa.gov//images/animations/enlil/enlil_com2_50931_20230407T170000.jpg,
https://services.swpc.noaa.gov//images/animations/enlil/enlil_com2_50931_20230407T180000.jpg,
https://services.swpc.noaa.gov//images/animations/enlil/enlil_com2_50931_20230407T190000.jpg,
https://services.swpc.noaa.gov//images/animations/enlil/enlil_com2_50931_20230407T200000.jpg,
https://services.swpc.noaa.gov//images/animations/enlil/enlil_com2_50931_20230407T210000.jpg,
https://services.swpc.noaa.gov//images/animations/enlil/enlil_com2_50931_20230407T220000.jpg,
https://services.swpc.noaa.gov//images/animations/enlil/enlil_com2_50931_20230407T230000.jpg,
https://services.swpc.noaa.gov//images/animations/enlil/enlil_com2_50931_20230408T000000.jpg,
https://services.swpc.noaa.gov//images/animations/enlil/enlil_com2_50931_20230408T010000.jpg,
https://services.swpc.noaa.gov//images/animations/enlil/enlil_com2_50931_20230408T020000.jpg,
https://services.swpc.noaa.gov//images/animations/enlil/enlil_com2_50931_20230408T030000.jpg,
https://services.swpc.noaa.gov//images/animations/enlil/enlil_com2_50931_20230408T040000.jpg,
https://services.swpc.noaa.gov//images/animations/enlil/enlil_com2_50931_20230408T050000.jpg,
https://services.swpc.noaa.gov//images/animations/enlil/enlil_com2_50931_20230408T060000.jpg,
https://services.swpc.noaa.gov//images/animations/enlil/enlil_com2_50931_20230408T070000.jpg,
https://services.swpc.noaa.gov//images/animations/enlil/enlil_com2_50931_20230408T080000.jpg,
https://services.swpc.noaa.gov//images/animations/enlil/enlil_com2_50931_20230408T090000.jpg,
https://services.swpc.noaa.gov//images/animations/enlil/enlil_com2_50931_20230408T100000.jpg,
https://services.swpc.noaa.gov//images/animations/enlil/enlil_com2_50931_20230408T110000.jpg,
https://services.swpc.noaa.gov//images/animations/enlil/enlil_com2_50931_20230408T120000.jpg,
https://services.swpc.noaa.gov//images/animations/enlil/enlil_com2_50931_20230408T130000.jpg,
https://services.swpc.noaa.gov//images/animations/enlil/enlil_com2_50931_20230408T140000.jpg,
https://services.swpc.noaa.gov//images/animations/enlil/enlil_com2_50931_20230408T150000.jpg,
https://services.swpc.noaa.gov//images/animations/enlil/enlil_com2_50931_20230408T160000.jpg,
https://services.swpc.noaa.gov//images/animations/enlil/enlil_com2_50931_20230408T170000.jpg,
https://services.swpc.noaa.gov//images/animations/enlil/enlil_com2_50931_20230408T180000.jpg,
https://services.swpc.noaa.gov//images/animations/enlil/enlil_com2_50931_20230408T190000.jpg,
https://services.swpc.noaa.gov//images/animations/enlil/enlil_com2_50931_20230408T200000.jpg,
https://services.swpc.noaa.gov//images/animations/enlil/enlil_com2_50931_20230408T210000.jpg,
https://services.swpc.noaa.gov//images/animations/enlil/enlil_com2_50931_20230408T220000.jpg,
https://services.swpc.noaa.gov//images/animations/enlil/enlil_com2_50931_20230408T230000.jpg,
https://services.swpc.noaa.gov//images/animations/enlil/enlil_com2_50931_20230409T000000.jpg,
https://services.swpc.noaa.gov//images/animations/enlil/enlil_com2_50931_20230409T010000.jpg,
https://services.swpc.noaa.gov//images/animations/enlil/enlil_com2_50931_20230409T020000.jpg,
https://services.swpc.noaa.gov//images/animations/enlil/enlil_com2_50931_20230409T030000.jpg,
https://services.swpc.noaa.gov//images/animations/enlil/enlil_com2_50931_20230409T040000.jpg,
https://services.swpc.noaa.gov//images/animations/enlil/enlil_com2_50931_20230409T050000.jpg,
https://services.swpc.noaa.gov//images/animations/enlil/enlil_com2_50931_20230409T060000.jpg,
https://services.swpc.noaa.gov//images/animations/enlil/enlil_com2_50931_20230409T070000.jpg,
https://services.swpc.noaa.gov//images/animations/enlil/enlil_com2_50931_20230409T080000.jpg,
https://services.swpc.noaa.gov//images/animations/enlil/enlil_com2_50931_20230409T090000.jpg,
https://services.swpc.noaa.gov//images/animations/enlil/enlil_com2_50931_20230409T100000.jpg,
https://services.swpc.noaa.gov//images/animations/enlil/enlil_com2_50931_20230409T110000.jpg,
https://services.swpc.noaa.gov//images/animations/enlil/enlil_com2_50931_20230409T120000.jpg,
https://services.swpc.noaa.gov//images/animations/enlil/enlil_com2_50931_20230409T130000.jpg,
https://services.swpc.noaa.gov//images/animations/enlil/enlil_com2_50931_20230409T140000.jpg,
https://services.swpc.noaa.gov//images/animations/enlil/enlil_com2_50931_20230409T150000.jpg,
https://services.swpc.noaa.gov//images/animations/enlil/enlil_com2_50931_20230409T160000.jpg,
https://services.swpc.noaa.gov//images/animations/enlil/enlil_com2_50931_20230409T170000.jpg,
https://services.swpc.noaa.gov//images/animations/enlil/enlil_com2_50931_20230409T180000.jpg,
https://services.swpc.noaa.gov//images/animations/enlil/enlil_com2_50931_20230409T190000.jpg,
https://services.swpc.noaa.gov//images/animations/enlil/enlil_com2_50931_20230409T200000.jpg,
https://services.swpc.noaa.gov//images/animations/enlil/enlil_com2_50931_20230409T210000.jpg,
https://services.swpc.noaa.gov//images/animations/enlil/enlil_com2_50931_20230409T220000.jpg,
https://services.swpc.noaa.gov//images/animations/enlil/enlil_com2_50931_20230409T230000.jpg,
https://services.swpc.noaa.gov//images/animations/enlil/enlil_com2_50931_20230410T000000.jpg,
https://services.swpc.noaa.gov//images/animations/enlil/enlil_com2_50931_20230410T010000.jpg,
https://services.swpc.noaa.gov//images/animations/enlil/enlil_com2_50931_20230410T020000.jpg,
https://services.swpc.noaa.gov//images/animations/enlil/enlil_com2_50931_20230410T030000.jpg,
https://services.swpc.noaa.gov//images/animations/enlil/enlil_com2_50931_20230410T040000.jpg,
https://services.swpc.noaa.gov//images/animations/enlil/enlil_com2_50931_20230410T050000.jpg,
https://services.swpc.noaa.gov//images/animations/enlil/enlil_com2_50931_20230410T060000.jpg,
https://services.swpc.noaa.gov//images/animations/enlil/enlil_com2_50931_20230410T070000.jpg,
https://services.swpc.noaa.gov//images/animations/enlil/enlil_com2_50931_20230410T080000.jpg,
https://services.swpc.noaa.gov//images/animations/enlil/enlil_com2_50931_20230410T090000.jpg,
https://services.swpc.noaa.gov//images/animations/enlil/enlil_com2_50931_20230410T100000.jpg,
https://services.swpc.noaa.gov//images/animations/enlil/enlil_com2_50931_20230410T110000.jpg,
https://services.swpc.noaa.gov//images/animations/enlil/enlil_com2_50931_20230410T120000.jpg,
https://services.swpc.noaa.gov//images/animations/enlil/enlil_com2_50931_20230410T130000.jpg,
https://services.swpc.noaa.gov//images/animations/enlil/enlil_com2_50931_20230410T140000.jpg,
https://services.swpc.noaa.gov//images/animations/enlil/enlil_com2_50931_20230410T150000.jpg,
https://services.swpc.noaa.gov//images/animations/enlil/enlil_com2_50931_20230410T160000.jpg,
https://services.swpc.noaa.gov//images/animations/enlil/enlil_com2_50931_20230410T170000.jpg,
https://services.swpc.noaa.gov//images/animations/enlil/enlil_com2_50931_20230410T180000.jpg,
https://services.swpc.noaa.gov//images/animations/enlil/enlil_com2_50931_20230410T190000.jpg,
https://services.swpc.noaa.gov//images/animations/enlil/enlil_com2_50931_20230410T200000.jpg,
https://services.swpc.noaa.gov//images/animations/enlil/enlil_com2_50931_20230410T210000.jpg,
https://services.swpc.noaa.gov//images/animations/enlil/enlil_com2_50931_20230410T220000.jpg,
https://services.swpc.noaa.gov//images/animations/enlil/enlil_com2_50931_20230410T230000.jpg,
https://services.swpc.noaa.gov//images/animations/enlil/enlil_com2_50931_20230411T000000.jpg,
https://services.swpc.noaa.gov//images/animations/enlil/enlil_com2_50931_20230411T010000.jpg,
https://services.swpc.noaa.gov//images/animations/enlil/enlil_com2_50931_20230411T020000.jpg,
https://services.swpc.noaa.gov//images/animations/enlil/enlil_com2_50931_20230411T030000.jpg,
https://services.swpc.noaa.gov//images/animations/enlil/enlil_com2_50931_20230411T040000.jpg,
https://services.swpc.noaa.gov//images/animations/enlil/enlil_com2_50931_20230411T050000.jpg,
https://services.swpc.noaa.gov//images/animations/enlil/enlil_com2_50931_20230411T060000.jpg,
https://services.swpc.noaa.gov//images/animations/enlil/enlil_com2_50931_20230411T070000.jpg,
https://services.swpc.noaa.gov//images/animations/enlil/enlil_com2_50931_20230411T080000.jpg,
https://services.swpc.noaa.gov//images/animations/enlil/enlil_com2_50931_20230411T090000.jpg,
https://services.swpc.noaa.gov//images/animations/enlil/enlil_com2_50931_20230411T100000.jpg,
https://services.swpc.noaa.gov//images/animations/enlil/enlil_com2_50931_20230411T110000.jpg,
https://services.swpc.noaa.gov//images/animations/enlil/enlil_com2_50931_20230411T120000.jpg,
https://services.swpc.noaa.gov//images/animations/enlil/enlil_com2_50931_20230411T130000.jpg,
https://services.swpc.noaa.gov//images/animations/enlil/enlil_com2_50931_20230411T140000.jpg,
https://services.swpc.noaa.gov//images/animations/enlil/enlil_com2_50931_20230411T150000.jpg,
https://services.swpc.noaa.gov//images/animations/enlil/enlil_com2_50931_20230411T160000.jpg,
https://services.swpc.noaa.gov//images/animations/enlil/enlil_com2_50931_20230411T170000.jpg,
https://services.swpc.noaa.gov//images/animations/enlil/enlil_com2_50931_20230411T180000.jpg,
https://services.swpc.noaa.gov//images/animations/enlil/enlil_com2_50931_20230411T190000.jpg,
https://services.swpc.noaa.gov//images/animations/enlil/enlil_com2_50931_20230411T200000.jpg,
https://services.swpc.noaa.gov//images/animations/enlil/enlil_com2_50931_20230411T210000.jpg,
https://services.swpc.noaa.gov//images/animations/enlil/enlil_com2_50931_20230411T220000.jpg,
https://services.swpc.noaa.gov//images/animations/enlil/enlil_com2_50931_20230411T230000.jpg,
https://services.swpc.noaa.gov//images/animations/enlil/enlil_com2_50931_20230412T000000.jpg,
https://services.swpc.noaa.gov//images/animations/enlil/enlil_com2_50931_20230412T010000.jpg,
https://services.swpc.noaa.gov//images/animations/enlil/enlil_com2_50931_20230412T020000.jpg,
https://services.swpc.noaa.gov//images/animations/enlil/enlil_com2_50931_20230412T030000.jpg,
https://services.swpc.noaa.gov//images/animations/enlil/enlil_com2_50931_20230412T040000.jpg,
https://services.swpc.noaa.gov//images/animations/enlil/enlil_com2_50931_20230412T050000.jpg,
https://services.swpc.noaa.gov//images/animations/enlil/enlil_com2_50931_20230412T060000.jpg,
https://services.swpc.noaa.gov//images/animations/enlil/enlil_com2_50931_20230412T070000.jpg,
https://services.swpc.noaa.gov//images/animations/enlil/enlil_com2_50931_20230412T080000.jpg,
https://services.swpc.noaa.gov//images/animations/enlil/enlil_com2_50931_20230412T090000.jpg,
https://services.swpc.noaa.gov//images/animations/enlil/enlil_com2_50931_20230412T100000.jpg,
https://services.swpc.noaa.gov//images/animations/enlil/enlil_com2_50931_20230412T110000.jpg,
https://services.swpc.noaa.gov//images/animations/enlil/enlil_com2_50931_20230412T120000.jpg,
https://services.swpc.noaa.gov//images/animations/enlil/enlil_com2_50931_20230412T130000.jpg,
https://services.swpc.noaa.gov//images/animations/enlil/enlil_com2_50931_20230412T140000.jpg,
https://services.swpc.noaa.gov//images/animations/enlil/enlil_com2_50931_20230412T150000.jpg,
https://services.swpc.noaa.gov//images/animations/enlil/enlil_com2_50931_20230412T160000.jpg,
https://services.swpc.noaa.gov//images/animations/enlil/enlil_com2_50931_20230412T170000.jpg,
https://services.swpc.noaa.gov//images/animations/enlil/enlil_com2_50931_20230412T180000.jpg,
https://services.swpc.noaa.gov//images/animations/enlil/enlil_com2_50931_20230412T190000.jpg,
https://services.swpc.noaa.gov//images/animations/enlil/enlil_com2_50931_20230412T200000.jpg,
https://services.swpc.noaa.gov//images/animations/enlil/enlil_com2_50931_20230412T210000.jpg,
https://services.swpc.noaa.gov//images/animations/enlil/enlil_com2_50931_20230412T220000.jpg,
https://services.swpc.noaa.gov//images/animations/enlil/enlil_com2_50931_20230412T230000.jpg,
https://services.swpc.noaa.gov//images/animations/enlil/enlil_com2_50931_20230413T000000.jpg,
https://services.swpc.noaa.gov//images/animations/enlil/enlil_com2_50931_20230413T010000.jpg,
https://services.swpc.noaa.gov//images/animations/enlil/enlil_com2_50931_20230413T020000.jpg,
https://services.swpc.noaa.gov//images/animations/enlil/enlil_com2_50931_20230413T030000.jpg,
https://services.swpc.noaa.gov//images/animations/enlil/enlil_com2_50931_20230413T040000.jpg,
https://services.swpc.noaa.gov//images/animations/enlil/enlil_com2_50931_20230413T050000.jpg,
https://services.swpc.noaa.gov//images/animations/enlil/enlil_com2_50931_20230413T060000.jpg,
https://services.swpc.noaa.gov//images/animations/enlil/enlil_com2_50931_20230413T070000.jpg,
https://services.swpc.noaa.gov//images/animations/enlil/enlil_com2_50931_20230413T080000.jpg,
https://services.swpc.noaa.gov//images/animations/enlil/enlil_com2_50931_20230413T090000.jpg,
https://services.swpc.noaa.gov//images/animations/enlil/enlil_com2_50931_20230413T100000.jpg,
https://services.swpc.noaa.gov//images/animations/enlil/enlil_com2_50931_20230413T110000.jpg,
https://services.swpc.noaa.gov//images/animations/enlil/enlil_com2_50931_20230413T120000.jpg,
https://services.swpc.noaa.gov//images/animations/enlil/enlil_com2_50931_20230413T130000.jpg,
https://services.swpc.noaa.gov//images/animations/enlil/enlil_com2_50931_20230413T140000.jpg,
https://services.swpc.noaa.gov//images/animations/enlil/enlil_com2_50931_20230413T150000.jpg,
https://services.swpc.noaa.gov//images/animations/enlil/enlil_com2_50931_20230413T160000.jpg,
